ID,X,Y,LABEL
1,1231569.43843427,5781498.86921619,0
2,1231541.55290182,5781371.87100375,0
3,1231879.10699376,5781535.53940703,0
4,1231599.28318975,5781672.87767148,0
5,1231634.19298206,5781679.46496111,0
6,1231462.87228573,5781463.40120825,0
7,1231446.10757042,5781406.2968917,0
8,1231549.45658567,5781437.27709974,0
9,1231638.12256009,5781744.21619516,0
10,1231685.01032961,5781618.400493,0
11,1231692.64684668,5781420.33653801,0
12,1231535.89787169,5781440.85112968,0
13,1231632.44526606,5781450.5314691,0
14,1231319.39259405,5781516.46704234,0
15,1231440.19650546,5781405.07884124,0
16,1231550.55864863,5781442.35767187,0
17,1231635.32844087,5781717.30590952,0
18,1231453.38786512,5781955.36620292,0
19,1231562.21379932,5782031.01856044,0
20,1231562.77039677,5782039.06467543,0
21,1231449.63639828,5781973.59002747,0
22,1231527.44872234,5781967.94817101,0
23,1231576.87457625,5781999.01048208,0
24,1231871.12538627,5781623.99404489,0
25,1231835.26937828,5781466.18992131,0
26,1232104.59575431,5781588.74991871,0
27,1231562.23606321,5781756.99019497,0
28,1231591.86931166,5782019.54244094,0
29,1231457.90743644,5782044.17764871,0
30,1231595.43153537,5781961.40875097,0
31,1231649.29903697,5781945.8455918,0
32,1231525.13327693,5781658.42091187,0
33,1231546.41756357,5781780.47068175,0
34,1231624.46365857,5781972.5001231,0
35,1231600.57449584,5782001.623055,0
36,1231629.4841676,5781950.20519697,0
37,1231543.17816639,5781707.60925128,0
38,1231913.94999438,5781691.53365774,0
39,1232019.38068411,5781680.15414255,0
40,1232062.18302832,5781691.80612518,0
41,1231531.26698088,5782039.65771606,0
42,1232082.07582132,5781727.21093667,0
43,1231842.67212442,5781680.84332404,0
44,1231838.00783776,5781637.232666,0
45,1231652.02636449,5781425.12861416,0
46,1231612.53020916,5781987.47029188,0
47,1231619.36522589,5781961.87356253,0
48,1231650.23412069,5782003.96315164,0
49,1231870.05671916,5781637.2166386,0
50,1231608.70081867,5781944.89994243,0
51,1231545.02606994,5782117.33035423,0
52,1231715.66771737,5781998.8341735,0
53,1231639.70329686,5781861.13824773,0
54,1231650.1228012,5781861.79538769,0
55,1231600.20714152,5781968.41298292,0
56,1231554.20992793,5781988.03127301,0
57,1231443.9479723,5781828.20117355,0
58,1231484.75769762,5781771.65547464,0
59,1231317.62261415,5781681.53250558,0
60,1231460.8685349,5781837.8178249,0
61,1231612.40775772,5781959.00455364,0
62,1231594.04004174,5781973.8945596,1
63,1231927.6311598,5781636.76787146,0
64,1231536.43220525,5782011.67265249,0
65,1231456.43801917,5782061.96889533,0
66,1231614.92357821,5781978.9113272,0
67,1231557.43819316,5781973.49385943,0
68,1231579.07870217,5781983.12669641,0
69,1231699.19243274,5782059.17999485,0
70,1231649.22111332,5781721.29676864,0
71,1231829.48076476,5781709.08378374,0
72,1231773.75422767,5781688.9211762,0
73,1231771.39425447,5781629.55554554,0
74,1231548.5771617,5781500.69631127,0
75,1231623.36159561,5781469.82807128,0
76,1231983.31316909,5781258.76976075,0
77,1231761.38663224,5781397.40192181,0
78,1231955.03801843,5781566.359794,0
79,1231660.97645155,5781420.52886209,0
80,1231567.54600292,5781364.30630141,0
81,1231628.88304235,5781463.60956035,0
82,1231668.50164912,5781327.18806735,0
83,1231888.70273386,5781516.6593685,0
84,1231934.06542636,5781608.25517723,0
85,1231997.18357764,5781631.4467771,0
86,1231984.09240553,5781665.39284954,0
87,1231957.15308875,5781627.96883462,0
88,1232048.12337663,5781368.42521693,0
89,1231645.94832029,5781828.3293955,0
90,1231919.24880214,5781668.26176341,0
91,1231966.50392598,5781418.87808057,0
92,1231952.76710082,5781497.69923445,0
93,1231808.31892956,5781280.56611876,0
94,1232131.44601549,5781411.16909521,0
95,1231924.29157507,5781417.00292135,0
96,1231983.92542629,5781366.46993384,0
97,1231841.84836019,5781559.08341633,0
98,1231727.22268052,5781900.13397844,0
99,1231447.93321007,5781985.88351691,0
100,1231396.51473727,5781754.16933521,0
101,1231879.21831325,5781592.1316819,0
102,1231685.63371876,5781672.3167103,0
103,1232067.33712074,5781700.97385818,0
104,1232045.5073686,5781584.79117386,0
105,1231543.25609003,5781688.84103874,0
106,1231438.81614377,5782105.61369932,0
107,1231701.11825993,5782071.87430757,0
108,1231902.66219801,5781846.88954223,0
109,1231551.04845439,5781990.98043148,0
110,1231457.2172556,5781898.80366503,0
111,1231608.23327681,5781906.97788311,0
112,1231481.57396019,5782035.60260115,0
113,1231568.41429495,5782035.24998255,0
114,1231732.2765854,5782082.83759228,0
115,1231811.62511844,5782140.50725758,0
116,1231625.22063111,5781984.12043393,0
117,1231752.67031611,5782060.20579723,0
118,1231610.71570146,5781971.20185484,0
119,1231669.31428141,5781981.6841744,0
120,1231781.91394635,5782115.4871038,0
121,1231594.07343758,5781975.60955651,1
122,1231567.82430165,5781988.44800186,0
123,1231606.97536657,5781993.43272161,0
124,1231295.33645209,5781879.81065801,0
125,1231628.44889634,5781430.40150361,0
126,1231829.97057052,5781786.78558096,0
127,1231643.71079853,5781964.6624324,0
128,1231606.79725538,5781971.53844289,0
129,1231460.49004863,5782008.43498188,0
130,1231569.27145503,5782002.98543996,0
131,1231610.53759027,5781961.32861105,0
132,1231596.61152197,5781975.20885627,0
133,1231359.53440243,5781903.80436225,0
134,1231445.72908415,5781470.77366997,0
135,1231598.10320315,5781494.76626721,0
136,1231453.52144851,5781484.14027926,0
137,1231466.00036342,5781480.75855726,0
138,1231811.26889607,5781373.61793805,0
139,1232007.95930435,5781553.77839584,0
140,1232233.57051634,5781597.85343583,0
141,1232086.07219104,5781705.28526037,0
142,1232146.70791768,5781695.71683531,0
143,1232049.73750925,5781647.8267826,0
144,1232136.53331622,5781649.31733255,0
145,1231993.98870826,5782034.86530773,0
146,1231996.34868146,5782054.62799825,0
147,1231773.64290818,5782105.98234896,0
148,1231560.68872229,5781971.71475092,0
149,1232090.02403297,5781692.65558256,0
150,1232125.22325595,5781607.58202872,0
151,1232164.55243205,5781533.77641362,0
152,1232144.6262432,5781534.24120275,0
153,1232079.43754939,5782044.00133924,0
154,1232082.16487691,5782059.46850176,0
155,1232073.98289434,5782051.6788186,0
156,1231674.212339,5782008.5792345,0
157,1231561.86870889,5781777.84214635,0
158,1231701.46335035,5781741.39533947,0
159,1231628.49342414,5781981.15524972,0
160,1231740.20253314,5781886.78276978,0
161,1231880.10886918,5781613.65639445,0
162,1231645.36945894,5781425.56134357,0
163,1231649.94469001,5781411.85825579,0
164,1231586.90446237,5781516.09841721,0
165,1231586.71521924,5781669.54395986,0
166,1231589.99914422,5781972.80465519,0
167,1231603.14597608,5781975.89806069,0
168,1231324.62461012,5782087.29343409,0
169,1231620.13333038,5781948.90693197,0
170,1231606.45216496,5781998.12893924,0
171,1231582.21791181,5781813.13510742,0
172,1232167.95880847,5781406.31291868,0
173,1231664.83923788,5781434.23196327,0
174,1231651.3250517,5781437.96626235,0
175,1231640.99460295,5781468.52987663,0
176,1231652.80560092,5781831.64713909,0
177,1232109.70531894,5781720.36717077,0
178,1231557.49385291,5781760.27585661,0
179,1231551.32675312,5781748.73597718,0
180,1231685.45560757,5781749.55338481,0
181,1232064.50960567,5781678.7918072,0
182,1232159.28702014,5781594.37550653,0
183,1231974.40760982,5781458.8174634,0
184,1231684.87674622,5781406.79372812,0
185,1231639.48065788,5781228.79985599,0
186,1231603.98087226,5781978.94338323,0
187,1231571.99878256,5781996.42996602,0
188,1231510.67287508,5781686.7254101,0
189,1231526.01270091,5781553.93866832,0
190,1231789.41688003,5781678.31098301,0
191,1231888.44669903,5781733.75018395,0
192,1232309.77983974,5781542.03043126,0
193,1232047.04357757,5781661.56229,0
194,1231871.3591572,5781714.51711747,0
195,1232001.9591838,5782140.3309462,0
196,1231987.67689313,5782095.83647519,0
197,1231917.34523884,5782054.48374488,0
198,1231529.99793868,5781988.5601981,0
199,1231630.56396667,5781977.58100196,0
200,1231559.08572162,5781768.94680367,0
201,1231577.38664591,5781677.97440609,0
202,1232043.09173565,5781544.93135967,0
203,1232002.4823854,5781369.37080481,0
204,1232257.30383178,5781346.74083103,0
205,1232045.51850054,5781340.36213781,0
206,1232073.52648443,5781676.17932942,0
207,1231998.97582144,5782094.07337035,0
208,1231770.20313591,5782437.42061082,0
209,1231819.95181635,5782111.51209548,0
210,1231767.50920424,5782099.17034713,0
211,1231689.29613001,5782024.2547005,0
212,1231646.92793181,5782060.8308956,0
213,1231603.91408057,5781964.48612451,0
214,1231753.27144137,5781697.81643858,0
215,1231858.95816593,5781511.40245491,0
216,1231575.54987431,5781329.17539546,0
217,1231670.76143479,5781420.43270005,0
218,1231367.8054406,5781423.91056111,0
219,1231261.87381316,5781501.3213702,0
220,1231240.34462364,5781228.59150942,0
221,1231317.23299593,5781430.83423328,0
222,1231498.48339084,5781415.2720055,0
223,1231629.19473693,5781496.83376861,0
224,1231861.84134073,5781727.27504691,0
225,1232246.90659134,5781601.26725716,0
226,1231740.15800535,5781337.49333005,0
227,1231519.35579536,5781393.79585548,0
228,1231956.74120664,5781387.28891283,0
229,1231856.06385916,5781663.66188519,0
230,1231854.53878214,5781614.37762548,0
231,1231525.16667278,5781454.490154,0
232,1231168.58807987,5781204.10280741,0
233,1231147.54869611,5781261.59046289,0
234,1231350.67337096,5781263.14505479,0
235,1231298.49792563,5781455.56396761,0
236,1231298.23075885,5781418.95821559,0
237,1231561.94663254,5781612.96721818,0
238,1231412.25531327,5781540.79633493,0
239,1231243.1944026,5781167.83465116,0
240,1231341.51177687,5781178.04356922,0
241,1231654.01898338,5781842.16134918,0
242,1231745.05606294,5781210.19292332,0
243,1231244.14061827,5781079.19224766,0
244,1231320.07164294,5781009.97454156,0
245,1231373.17104005,5781244.50599665,0
246,1231225.39441602,5781098.10340744,0
247,1231587.88407389,5781248.0158421,0
248,1231310.53156258,5780991.80077637,0
249,1231845.87812576,5781266.86325508,0
250,1231933.27505798,5781533.82449525,0
251,1231883.23694687,5781589.95196709,0
252,1231785.14221158,5781407.00207889,0
253,1231526.30213159,5781992.29473068,0
254,1231743.70909711,5781036.04931207,0
255,1231176.61421516,5780707.46793565,0
256,1231471.08766415,5781345.29841257,0
257,1231622.19274096,5781433.28636848,0
258,1231859.30325635,5781392.68999543,0
259,1231896.68434136,5781699.48329955,0
260,1231244.95325056,5782111.1113891,0
261,1231587.38313619,5781711.05516993,0
262,1231616.10356481,5781505.74486542,0
263,1231607.39838063,5781504.63899141,0
264,1231402.81542045,5781173.95679527,0
265,1231872.19405338,5781209.32748554,0
266,1231654.08577507,5781436.1391802,0
267,1231659.99684003,5781440.35429135,0
268,1231610.49306247,5781497.25047437,0
269,1231623.18348443,5781482.44140454,0
270,1231625.05365187,5781149.772748,0
271,1231389.80217198,5781077.06073811,0
272,1231951.75409345,5781063.66268982,0
273,1231697.35566114,5781412.51536244,0
274,1231708.23157539,5781444.07256596,0
275,1231528.06097954,5781377.88110026,0
276,1231620.36710131,5781713.52341016,0
277,1231445.89606339,5781722.06609109,0
278,1231508.83610348,5781691.75804269,0
279,1231551.25996142,5781735.28883107,0
280,1231528.91813962,5781763.08069068,0
281,1231579.9024664,5781690.86050291,0
282,1231596.8007651,5781688.74487379,0
283,1231525.66761049,5781723.26815755,0
284,1231576.16213151,5781729.10218906,0
285,1231530.66585563,5781697.70424603,0
286,1231533.48223874,5781424.56766866,0
287,1231449.01300913,5781486.7206462,0
288,1231579.95812615,5781333.45456315,0
289,1231691.37780448,5781229.05628256,0
290,1231364.52151562,5781120.66864072,0
291,1231608.52270749,5781496.41706286,0
292,1231482.19734933,5781431.41120621,0
293,1232183.66598862,5781514.12707437,0
294,1231695.99756335,5782379.95738758,0
295,1231922.94460923,5781550.36459279,0
296,1231852.16767699,5781290.29436348,0
297,1231689.77480382,5781771.68752993,0
298,1231540.46197082,5781184.99910255,0
299,1231747.90584191,5781173.4599719,0
300,1231466.76846791,5781590.89757859,0
301,1231434.46355168,5781475.82220709,0
302,1231427.86230588,5781464.66734798,0
303,1231606.16273428,5781472.66486767,0
304,1231795.1943616,5781588.71786409,0
305,1231718.12787812,5781762.29533705,0
306,1231705.93839388,5781194.903535,0
307,1231845.9115216,5781315.64875164,0
308,1231435.16486447,5781672.62123208,0
309,1231922.97800508,5781495.45543429,0
310,1231696.71000809,5781670.5857446,0
311,1231697.90112665,5781745.46634741,0
312,1231570.81879595,5781368.77780901,0
313,1231523.34103313,5781699.67562969,0
314,1231546.57341086,5781749.02447398,0
315,1231894.48021544,5781806.93238338,0
316,1231933.18600239,5781647.28185043,0
317,1231903.64180953,5781447.51838219,0
318,1231639.06877576,5781428.35004473,0
319,1231966.94920394,5781384.35598212,0
320,1231727.4898473,5781820.66813728,0
321,1231627.34683338,5781847.37037557,0
322,1231273.12821368,5781194.24644448,0
323,1231542.88873571,5781528.53551708,0
324,1231709.31137445,5781751.74916647,0
325,1231859.67061067,5781420.35256502,0
326,1231677.42947229,5781660.68078072,0
327,1231775.81363825,5781190.22376942,0
328,1232004.75330302,5781244.23354296,0
329,1231702.92163568,5781795.26422174,0
330,1231713.75302213,5781756.73375313,0
331,1231722.25783123,5781555.89399275,0
332,1231728.16889619,5781648.7884277,0
333,1231693.5819304,5781348.90445917,0
334,1231711.88285469,5781719.00482925,0
335,1232105.45291439,5781393.15477717,0
336,1231743.28608304,5781596.09043003,0
337,1231656.42348438,5781312.42736202,0
338,1232101.91295458,5782084.72892054,0
339,1232080.99602226,5782103.03315223,0
340,1232088.62140738,5782783.04130529,0
341,1232061.7266184,5782815.70942536,0
342,1231226.83043745,5783097.22448529,0
343,1231099.90395405,5783213.5552356,0
344,1229916.8894615,5782522.69447661,0
345,1230578.49459112,5782953.09958384,0
346,1231313.82661951,5783498.52954487,0
347,1231119.47392053,5783192.60372552,0
348,1230484.77471183,5783003.51337753,0
349,1230448.32871054,5782912.59242857,0
350,1231061.7881604,5783179.04217768,0
351,1231448.74584235,5783336.2195462,0
352,1231263.77737645,5783002.27907773,0
353,1230712.91287626,5782864.42329809,0
354,1230495.14968837,5782929.07097989,0
355,1230424.74011044,5782996.52435754,0
356,1230884.65658665,5783548.0006204,0
357,1230768.41677437,5783387.91796394,0
358,1230538.20806741,5783530.04608278,0
359,1231326.51704146,5783113.99192107,0
360,1230462.02100791,5782846.35793795,0
361,1231362.17267436,5783407.25084507,0
362,1230324.36332559,5782792.22619636,0
363,1230332.52304427,5782804.31243751,0
364,1230341.27275624,5783187.02521397,0
365,1230547.46984904,5783482.13008855,0
366,1230667.31641283,5783551.17472995,0
367,1230071.18940768,5783032.73587634,0
368,1230229.79741817,5783140.66599516,0
369,1230455.80938032,5783244.31733594,0
370,1230547.3696615,5783521.02073519,0
371,1230534.31188523,5783665.10677809,0
372,1230109.59463201,5782906.38893519,0
373,1230106.76711694,5782835.40973849,0
374,1230487.92505342,5783195.66549628,0
375,1230609.87555558,5783492.8386255,0
376,1229742.90822933,5783009.86120781,0
377,1230529.36929984,5783242.57003296,0
378,1230745.38477172,5783559.86345986,0
379,1230618.83677459,5783492.67831797,0
380,1230278.84478581,5782649.82138111,0
381,1230968.30205204,5783213.74759859,0
382,1231389.4904774,5783246.17685142,0
383,1231388.00992817,5783266.96818468,0
384,1230985.75694819,5783100.97551502,0
385,1230100.52209351,5782743.78522016,0
386,1230767.16999607,5783522.72000065,0
387,1230561.81893141,5783575.55770024,0
388,1230628.84439681,5783596.14140389,0
389,1230086.08395555,5782756.60874865,0
390,1230130.34458509,5782948.57918773,0
391,1230655.83937333,5783260.39574561,0
392,1230584.40565609,5783826.1242595,0
393,1230611.97949396,5783675.9277537,0
394,1230143.43575721,5782706.80547375,0
395,1230383.91925317,5782880.00409968,0
396,1230942.15310365,5783121.59017679,0
397,1230516.85698907,5783561.75510329,0
398,1230590.23879741,5783542.11729916,0
399,1230103.6279073,5782752.6975705,0
400,1230403.12186533,5782871.17176949,0
401,1230588.03467149,5783300.82433827,0
402,1230551.86696893,5783522.15892239,0
403,1230601.1481075,5783498.44939105,0
404,1230155.46939416,5782762.90831382,0
405,1230144.04801441,5782657.21085881,0
406,1230503.06450416,5783462.36421523,0
407,1231194.87061165,5783423.97077543,0
408,1230883.75489878,5783030.31535851,0
409,1230391.86746481,5782850.46151253,0
410,1230523.55842242,5783705.36087421,0
411,1230532.48624558,5783560.15201561,0
412,1230388.04920628,5783249.57527727,0
413,1230373.37729739,5783144.11247093,0
414,1231024.30688786,5783376.68054579,0
415,1230946.88418201,5783348.16225468,0
416,1230639.2750331,5782910.52459696,0
417,1230443.80913921,5783092.96049616,0
418,1230711.36553534,5783116.92542409,0
419,1230785.17035773,5783409.68749643,0
420,1231020.58881686,5783377.59428682,0
421,1230600.07944039,5783462.05963196,0
422,1230677.32403505,5782983.37988532,0
423,1230405.00316472,5783529.24454177,0
424,1231034.92676728,5783362.46146506,0
425,1231077.20590988,5783360.77826085,0
426,1231159.50440942,5783433.94183233,0
427,1230967.94582967,5783063.81794871,0
428,1230562.87646657,5783258.35989352,0
429,1230507.16106143,5783583.04413521,0
430,1230759.92309722,5783691.49395068,0
431,1230815.48265507,5782967.44624634,0
432,1230647.41248788,5783071.20777153,0
433,1230729.55514013,5783208.15304349,0
434,1230446.83702937,5783748.1160224,0
435,1230507.65086719,5783618.69696583,0
436,1230534.28962133,5782869.69704371,0
437,1230487.5131713,5782925.30399318,0
438,1230473.15295699,5783459.22219888,0
439,1230583.93811423,5783716.80711414,0
440,1230655.17145638,5783385.93017425,0
441,1230599.45605124,5782897.89320194,0
442,1230405.21467176,5782830.82528417,0
443,1230998.62548133,5783212.75372321,0
444,1231098.08944635,5783402.84243148,0
445,1231117.94884351,5783365.58741659,0
446,1231358.72177015,5783432.37082905,0
447,1230335.8181012,5783128.77165654,0
448,1230664.57795336,5783101.16787555,0
449,1230969.55996228,5783538.0775277,0
450,1230654.85976181,5782936.65304735,0
451,1230715.37303701,5783314.4181333,0
452,1230450.75547544,5783088.80871925,0
453,1230106.57787381,5783015.61593666,0
454,1230076.02067358,5782560.33064671,0
455,1230385.22169121,5782780.25217794,0
456,1230734.59791307,5783151.26190865,0
457,1230564.8802174,5782900.76251471,0
458,1230442.7404721,5783291.99158876,0
459,1230482.6596415,5783760.18753576,0
460,1230794.16497259,5783744.25250034,0
461,1230705.22069945,5783171.74844599,0
462,1230681.15342553,5783040.97525984,0
463,1230268.35848977,5782774.03274772,0
464,1230688.90126209,5783203.21573132,0
465,1230596.79551541,5783621.48635701,0
466,1230470.13619879,5782865.7377268,0
467,1230084.61453827,5782505.94418823,0
468,1231089.85180403,5783385.01643236,0
469,1231066.15188444,5783399.42791628,2
470,1230762.62816085,5783147.41467688,0
471,1230649.5052943,5783064.90798726,0
472,1230876.83082645,5783192.21900047,0
473,1230397.73400198,5783963.20944844,0
474,1230269.50508053,5784219.63866996,0
475,1230562.4311886,5782881.30250105,0
476,1230351.90376762,5782966.85314363,0
477,1230768.32771878,5783223.71841901,0
478,1230696.08136925,5783044.03697823,0
479,1230566.66132926,5782842.67113428,0
480,1230479.43137627,5783353.19583059,0
481,1230530.60494619,5782835.28150198,0
482,1230435.32659402,5782941.68638959,0
483,1230660.3923405,5783328.89362426,0
484,1230557.55539491,5782888.72423104,0
485,1229406.31148502,5783030.36344826,0
486,1230528.54553561,5783492.96687153,0
487,1230662.42948718,5784118.15625916,0
488,1231160.90703501,5783231.63737441,0
489,1230945.91570244,5783325.92799019,0
490,1230544.10800042,5783019.35090195,0
491,1230661.06025745,5783048.31697377,0
492,1230685.26111474,5783324.99822404,0
493,1230380.30136972,5783763.16934638,0
494,1230385.51112189,5783630.75227194,0
495,1230446.34722361,5782767.01184977,0
496,1230475.21236757,5783261.1010803,0
497,1230754.86919234,5783505.95179167,0
498,1230628.58836198,5783487.42023243,0
499,1230651.52017708,5783485.40035894,0
500,1230757.46293647,5783322.59365685,0
501,1230747.32173086,5783582.43496039,0
502,1230421.30033818,5782667.06884841,0
503,1230626.26178463,5783477.8338528,0
504,1230630.98173104,5783494.85850069,0
505,1230691.32802699,5783310.506709,0
506,1230694.24459765,5783277.21158114,0
507,1230644.1285629,5783547.0227384,0
508,1230597.95323812,5783536.73093763,0
509,1230100.73360054,5782954.75065108,0
510,1230443.13009032,5782880.9498488,0
511,1230758.15311732,5783434.77542602,0
512,1230757.52972817,5783521.13295082,0
513,1230685.46148983,5783604.50955877,0
514,1230971.7418243,5783109.67983369,0
515,1230445.93534149,5783330.81727933,0
516,1230283.29756544,5783858.15496752,0
517,1230409.07745809,5783572.27136568,0
518,1230278.19913276,5782790.94383753,0
519,1229423.06506839,5783075.45572019,0
520,1230363.72589754,5783120.33983046,0
521,1230471.7503314,5783145.31473024,0
522,1230755.26994251,5783145.667393,0
523,1230653.75769885,5783421.18144641,0
524,1230473.94332537,5783083.0860029,0
525,1230372.49787341,5783155.92667943,0
526,1230430.6734393,5782888.03495564,3
527,1230484.76357988,5782896.09787822,0
528,1230243.90159765,5782851.1828442,0
529,1230501.63961468,5782825.63170942,0
530,1230636.54770557,5783219.14979411,0
531,1230052.88848339,5782794.61459019,0
532,1230255.22278986,5783164.83944415,0
533,1230611.33384091,5783229.60152892,0
534,1230632.86303043,5783454.92597424,0
535,1230456.82238769,5782921.12023535,0
536,1230176.30840284,5782955.27963385,0
537,1230082.69984303,5782968.0874385,0
538,1230193.17330569,5782713.02485681,0
539,1230632.07266204,5783305.40903568,0
540,1230457.18974201,5782818.88327269,0
541,1230062.10573723,5782763.99831537,0
542,1230439.62352636,5782894.46285158,0
543,1230428.91459135,5782806.41230337,0
544,1230272.17674831,5782825.61567987,0
545,1230300.21812804,5782872.11751768,0
546,1229653.58546992,5783419.70662912,0
547,1230659.69102771,5783460.72908413,0
548,1230565.98228036,5782882.80928806,0
549,1230405.62655387,5782871.04353246,0
550,1230362.69062627,5783141.72398293,0
551,1230865.73227322,5783428.82805737,0
552,1230398.39078697,5782827.84378718,0
553,1230468.07678821,5783143.95216971,0
554,1230654.20297681,5783437.78918847,0
555,1230328.37082726,5782820.79078754,0
556,1230324.61936042,5782927.98095804,0
557,1230742.55725666,5783203.10351972,0
558,1230461.53120215,5782860.76854613,0
559,1230188.92090115,5782782.27189076,0
560,1230360.74253518,5782906.74158844,0
561,1230279.83552928,5783002.1508388,0
562,1230256.5920196,5782850.39739416,0
563,1230329.35043878,5782831.29014132,0
564,1230261.85743151,5782358.57507268,0
565,1230108.00276329,5782789.29280079,0
566,1230762.5502372,5783376.68054579,0
567,1230520.46374057,5782848.68222801,0
568,1230284.67792713,5782906.62938059,0
569,1230514.44135612,5783676.03997129,0
570,1230602.26130241,5783622.81692897,0
571,1230549.07284971,5783421.14938516,0
572,1230201.97867742,5782938.7048553,0
573,1229870.59168527,5782737.42155103,0
574,1230865.19793966,5783449.10683747,0
575,1230669.87676112,5783266.98421502,0
576,1230149.24663463,5782734.92096694,0
577,1230272.07656077,5782859.50220699,0
578,1230710.15215289,5783363.4393267,0
579,1230065.79041238,5782750.3572762,0
580,1229937.83978966,5782682.93783031,0
581,1230337.99996322,5782874.02504398,0
582,1230785.39299671,5783026.38802968,0
583,1230325.77708313,5782389.55860872,0
584,1230037.7601646,5782818.27415038,0
585,1230371.39581045,5782838.32711975,4
586,1230713.92588362,5783332.91726992,0
587,1230066.62530856,5782522.9990276,0
588,1231022.62596354,5783413.7753012,0
589,1230403.4558238,5783068.72312326,0
590,1230434.9369758,5782861.13722718,0
591,1230401.39641322,5782882.66502121,0
592,1230428.23554245,5782846.55029297,0
593,1230354.30826862,5782881.17426386,0
594,1230419.97563624,5782889.38144717,0
595,1230095.7798832,5782736.33155275,5
596,1230119.3907472,5782826.89804372,0
597,1229939.76561685,5783022.89350997,0
598,1230402.8435666,5782853.13845479,0
599,1230336.01847628,5782769.76891406,0
600,1230547.3696615,5782872.37399178,0
601,1230454.56260203,5782873.49606606,0
602,1230448.42889808,5782886.70449397,0
603,1230448.39550223,5782893.99799111,0
604,1230371.90788011,5782837.63784827,4
605,1230363.10250839,5782854.40479302,0
606,1230646.52193195,5783114.77739446,0
607,1230603.46355291,5783223.54208607,0
608,1230466.50718339,5782859.5182366,0
609,1230394.3610214,5782941.01313982,0
610,1230118.05491331,5782798.78225881,0
611,1230372.6759846,5782863.28519535,0
612,1230372.77617214,5782838.4072676,4
613,1230596.9290988,5783159.7739149,0
614,1230370.73902546,5782851.15078501,0
615,1230518.64923287,5782899.06336849,0
616,1230595.64892466,5783206.90268496,0
617,1230673.00483881,5783261.30947465,0
618,1230399.50398188,5782854.22846743,0
619,1230379.21043871,5782851.9682943,0
620,1230507.73992278,5782873.78459946,0
621,1230485.47602462,5782826.64157094,0
622,1230475.02312443,5782835.28150198,0
623,1229868.99981655,5782705.71547923,0
624,1230367.56641997,5782775.73186998,0
625,1230516.30039162,5782805.65891633,0
626,1230148.89041226,5782940.56430667,0
627,1230109.21614574,5782558.37510072,0
628,1230251.96112878,5782886.14345598,0
629,1229954.59337303,5782623.61363026,0
630,1230276.89669472,5782846.64647047,0
631,1230492.01047873,5782822.3135938,0
632,1230486.08828182,5782811.07689267,0
633,1230415.40040516,5782889.52571413,0
634,1230351.72565643,5782901.90062227,0
635,1230801.81262161,5783105.06317742,0
636,1230609.24103448,5783227.90231966,0
637,1230405.3593871,5782861.0250199,0
638,1230375.1027495,5782773.32745178,0
639,1230184.71302439,5782755.55080685,0
640,1230593.66743772,5783195.61740563,0
641,1230690.12577649,5783349.18820623,0
642,1230375.55915941,5782834.28766903,0
643,1230430.91834218,5782889.34938784,3
644,1230229.07384147,5782824.23713893,0
645,1230831.04511989,5783037.35249494,0
646,1230550.57566284,5783312.67081649,0
647,1230370.839213,5782798.23725588,0
648,1230361.31026459,5782774.04877717,0
649,1230701.90337862,5783353.19583059,0
650,1230654.78183817,5783278.34973704,0
651,1230495.94005675,5783140.52172412,0
652,1230368.90225386,5783005.22857365,0
653,1230629.87966808,5783360.63398622,0
654,1230241.63068004,5782856.61687797,0
655,1230070.43243515,5783103.49223243,0
656,1230658.47764526,5783541.3317879,0
657,1230473.44238766,5783160.15863854,0
658,1229889.59392235,5783017.21892586,0
659,1229761.54311209,5782844.24203305,0
660,1229913.75025185,5782995.69080506,0
661,1230637.76108802,5783368.69733869,0
662,1230452.03564958,5783284.84203753,0
663,1230719.93713613,5783501.35095977,0
664,1230660.03611813,5783636.26693871,0
665,1230686.41883745,5783258.13546891,0
666,1230637.62750463,5783516.01912557,0
667,1230681.01984215,5783586.49078299,0
668,1230701.34678116,5783577.44934702,6
669,1230755.9712553,5783509.15794772,0
670,1230705.74390105,5783704.44709939,0
671,1230689.69163048,5783615.9236065,0
672,1230701.38017701,5783571.14920294,0
673,1230710.96478517,5783647.40849977,0
674,1230687.14241414,5783602.31331812,0
675,1230683.49113484,5783594.65052655,0
676,1230593.03291662,5783503.09831377,0
677,1230621.63089381,5783372.56069705,0
678,1230730.26758487,5783687.08539573,0
679,1230355.88900539,5783271.47271281,0
680,1230544.15252822,5783275.51236276,0
681,1230730.95776572,5783224.69626534,0
682,1230612.43590387,5783534.90342285,0
683,1230190.6574852,5782610.91852742,0
684,1230658.6223606,5783624.45208997,0
685,1230459.53858326,5783999.79364514,0
686,1230797.39323782,5783721.69661889,7
687,1230730.34550852,5783633.73403901,0
688,1230692.50801359,5783607.50734797,0
689,1230734.37527408,5783554.60533447,0
690,1230705.56578986,5783727.61212169,0
691,1230403.60053914,5783841.12962182,0
692,1230443.24140981,5783607.26688356,0
693,1230380.20118218,5783753.85519934,0
694,1230385.03244807,5783387.83781113,0
695,1230628.47704249,5783231.95798004,0
696,1230368.03396183,5783589.88933932,0
697,1230806.94445013,5783123.11303473,0
698,1230366.58680845,5783041.71263695,0
699,1230610.58800032,5783565.55442226,0
700,1230699.7883083,5783699.50951077,0
701,1230700.56754473,5783649.49253433,0
702,1230673.56143626,5783644.66719352,0
703,1230644.0617712,5783600.66213026,0
704,1230355.18769259,5783241.96088154,0
705,1230462.7223207,5783189.25341212,0
706,1230738.42730355,5783525.0925605,0
707,1230356.44560284,5783275.51236276,0
708,1230580.6207934,5783565.26586633,0
709,1230221.45958831,5783043.31563087,0
710,1230404.61354651,5783234.28237121,0
711,1230300.19586414,5783010.85506043,0
712,1230222.31674838,5783040.07758345,0
713,1230287.71694922,5783031.24509376,0
714,1230510.90139632,5783303.35714284,0
715,1230441.97236762,5783437.42048343,0
716,1230463.21212646,5783348.17828517,0
717,1230660.74856287,5783270.70325588,0
718,1230731.52549512,5783270.07807218,0
719,1230756.78388758,5783303.66172065,0
720,1230774.01614476,5783314.03340296,0
721,1230770.18675427,5783294.49233002,0
722,1230781.54134233,5783269.29258503,0
723,1230833.07113462,5783289.79542555,0
724,1230831.91341192,5783298.29153443,0
725,1230929.22891077,5783281.57184113,0
726,1230945.60400786,5783282.14893453,0
727,1230951.31469774,5783261.75832404,0
728,1230938.64653969,5783250.24855047,0
729,1230868.23696176,5783323.71578812,0
730,1230983.76432931,5783154.48396655,0
731,1230705.35428283,5783222.69248199,0
732,1230728.78703565,5783218.26812993,0
733,1230683.30189171,5783248.21270071,0
734,1230682.47812747,5783243.16315411,0
735,1230659.44612483,5783130.02200405,0
736,1230760.83591705,5783151.16572784,0
737,1230295.76534841,5783071.22380152,0
738,1230221.30374102,5782915.71822146,0
739,1230072.98165148,5782803.57508015,0
740,1230310.04763908,5782784.61219348,0
741,1230341.84048565,5782783.85880829,0
742,1230309.50217357,5782768.56670569,0
743,1230445.2340287,5782888.93261663,0
744,1230485.03074665,5782871.09162134,0
745,1230461.19724368,5782924.67883384,0
746,1230452.4920595,5782916.56779613,0
747,1230385.68923307,5782924.59868521,0
748,1230296.32194586,5783065.24461684,0
749,1230067.44907279,5782886.89684986,0
750,1230172.15618583,5783023.67897529,0
751,1230116.61889188,5782969.75453834,0
752,1230444.08743794,5782899.8808822,0
753,1230419.00715667,5782859.14955561,0
754,1229830.55006444,5782856.37643392,0
755,1230609.08518719,5782915.22130047,0
756,1230428.41365364,5782872.45413993,0
757,1229882.22457206,5782806.65274606,0
758,1230325.33180516,5783173.03085992,0
759,1230388.73938712,5782879.15452852,0
760,1229503.25962955,5783039.51653575,0
761,1230414.46532144,5782842.99172584,0
762,1230263.8723143,5782985.43170408,0
763,1230654.90428961,5783214.85368583,0
764,1230806.66615141,5783617.14196078,0
765,1230269.87243485,5782833.34192489,0
766,1230305.88429012,5783065.13240698,0
767,1230578.01591732,5783278.04516009,0
768,1229912.70384864,5782802.24463116,0
769,1230421.82353978,5782851.74387998,0
770,1230443.83140311,5783194.65559272,0
771,1230935.15110768,5783402.79433971,0
772,1230374.94690221,5782863.86226151,0
773,1230116.8971906,5782915.70219175,0
774,1230484.68565624,5782831.30617088,0
775,1230937.17712241,5783497.03868395,0
776,1230639.51993598,5783588.36640118,0
777,1230099.9543641,5782782.64056855,0
778,1230034.81019809,5782902.1891566,0
779,1230414.39852975,5782886.60831602,0
780,1230635.74620524,5783475.84604294,0
781,1230361.14328535,5782886.60831602,0
782,1230035.50037893,5782923.12395054,0
783,1230332.63436376,5782889.84630739,0
784,1230475.78009697,5782899.97706028,0
785,1230482.80435684,5782903.27917528,0
786,1230248.1540022,5783045.3995234,0
787,1231028.85985503,5783495.11499281,0
788,1230538.49749808,5783293.89920543,0
789,1230462.28817469,5783502.04028286,0
790,1230620.33958772,5782905.90804441,0
791,1230211.04008396,5783104.03725413,0
792,1230602.27243436,5783454.7496367,0
793,1230413.54136967,5782865.8178749,0
794,1229671.17394946,5783004.28281126,0
795,1230177.3882019,5783056.04341291,0
796,1230694.87911875,5783542.14936084,0
797,1230160.86838947,5782892.97209225,0
798,1230283.44228078,5782957.74822054,0
799,1230643.4940418,5783527.09641222,0
800,1230471.95070649,5782875.43565193,0
801,1230159.68840286,5782913.34582471,0
802,1230424.33936028,5782857.61071341,0
803,1230271.57562306,5782948.57918773,0
804,1230477.11593086,5782870.03366588,0
805,1229961.12782713,5782679.37932887,0
806,1229890.11712396,5782995.51447666,0
807,1230565.18078003,5783258.64843946,0
808,1230352.59394846,5783714.09784873,0
809,1230498.51153699,5782864.34315001,0
810,1230487.30166427,5782905.69965841,0
811,1230383.4962391,5783040.89511016,0
812,1230562.98778606,5782863.31725458,0
813,1230560.06008345,5782905.61950996,0
814,1230635.45677457,5783584.53501059,0
815,1230463.63514053,5783128.94798759,0
816,1230655.50541486,5782939.84296773,0
817,1230439.82390144,5783142.20488651,0
818,1230658.45538136,5782869.21615492,0
819,1230416.63605151,5782868.43070329,0
820,1230623.10031109,5782916.08690479,0
821,1230541.20256171,5783079.960151,0
822,1230419.49696243,5782868.75129579,0
823,1230731.97077308,5783781.17245006,0
824,1230562.82080682,5782903.79212529,0
825,1230007.42560336,5782602.42307735,0
826,1230685.08300356,5783449.13889882,0
827,1230678.37043826,5783601.76826578,0
828,1230490.67464484,5782885.30991388,0
829,1230396.854578,5782881.51088647,0
830,1230697.08324467,5783392.1019421,0
831,1230618.87017044,5782918.69974801,0
832,1230642.73706926,5783124.26720092,0
833,1230452.41413585,5783121.95886869,0
834,1230335.40621908,5782872.4381103,0
835,1230390.63181846,5782883.56268166,0
836,1230377.5072505,5783038.23414113,0
837,1230709.47310399,5783587.67707137,0
838,1230752.24205236,5783611.62730591,0
839,1230488.60410231,5782777.91187637,0
840,1230282.6296485,5782784.91675348,0
841,1230714.24871015,5783194.91207615,0
842,1230585.27394812,5782821.07931923,0
843,1230462.98948748,5782927.6603634,0
844,1230404.76939379,5782873.28768082,0
845,1230625.97235395,5783376.40802655,0
846,1230317.28340598,5782809.5220293,0
847,1230537.23958784,5782789.06838806,0
848,1230702.51563582,5783046.58573937,0
849,1230625.42688844,5782892.05840117,0
850,1230767.72659352,5783169.61643325,0
851,1231059.27233991,5783400.2935679,0
852,1230646.31042492,5782886.06330769,0
853,1229865.45985675,5782765.5692002,0
854,1229888.72563032,5782802.61330977,0
855,1229745.91385558,5782694.52701383,0
856,1230797.57134901,5783722.56230198,7
857,1230764.4315366,5783195.72961715,0
858,1230636.35846244,5782847.68839356,0
859,1230647.7575783,5782881.57500506,0
860,1230700.97942685,5783577.28903795,6
861,1230737.60353932,5783493.01496379,0
862,1230631.92794671,5782881.02999704,0
863,1230724.27859627,5782912.60845828,0
864,1229763.65818242,5782677.16728815,0
865,1229556.19204743,5782814.6514765,0
866,1229678.89952213,5782779.33849849,0
867,1230796.69192503,5783481.3445826,0
868,1230793.77535437,5783179.50705309,0
869,1230550.63132258,5782823.51580946,0
870,1230568.38678136,5782835.18532459,0
871,1230594.04592399,5782816.60707903,0
872,1230602.17224682,5782844.00158934,0
873,1230588.06806733,5782840.98802877,0
874,1231031.052849,5783395.83706604,0
875,1231024.01745718,5783430.30287618,0
876,1230566.97302383,5782807.35804464,0
877,1230611.28931311,5782880.32469259,0
878,1230577.6040352,5782815.59721866,0
879,1230472.17334547,5782903.32726434,0
880,1229889.96127667,5782774.51363134,0
881,1230034.94378148,5782809.53805881,0
882,1229971.13544936,5782875.38756302,0
883,1229889.76090159,5782805.25817856,0
884,1229965.7921138,5782903.07078934,0
885,1230554.11562264,5782877.64774213,0
886,1230376.66122237,5782851.37519932,0
887,1231096.23041085,5783496.12493061,0
888,1230554.72787984,5782880.1163072,0
889,1230809.159708,5783565.65060757,0
890,1230712.11137592,5783597.42387922,0
891,1229854.5616786,5782798.63799333,0
892,1230659.95819449,5783363.34314359,0
893,1229859.58218763,5782824.41346392,0
894,1229674.9476802,5782770.93906369,0
895,1229957.74371462,5782906.1484898,0
896,1230189.42183885,5782656.15292887,0
897,1230895.76627184,5783286.79774379,0
898,1230378.709501,5783049.45510027,0
899,1229899.14513466,5782789.24471235,0
900,1230045.57479285,5782908.29646887,0
901,1229970.06678225,5782901.19531616,0
902,1231004.380699,5783541.52415799,0
903,1230739.91898472,5783565.52236049,0
904,1229524.4993884,5782747.4719827,0
905,1230094.13235473,5782737.22919839,5
906,1230394.87309106,5783428.9242412,0
907,1229548.1102524,5782946.73576444,0
908,1229850.43172549,5783148.24824362,0
909,1229806.87240874,5783114.93769516,0
910,1230043.2036877,5782926.58637145,0
911,1229788.97223462,5783059.05704659,0
912,1229981.13193963,5782907.03012294,0
913,1229557.87297174,5782807.47025124,0
914,1229808.14145094,5782627.28431363,0
915,1229648.19760657,5783110.99429877,0
916,1230633.84264195,5783504.18840634,0
917,1229539.33827652,5782875.83639287,0
918,1229724.23995073,5782759.5421334,0
919,1230183.04323203,5783177.67961197,0
920,1230838.68163696,5783603.38739195,0
921,1230249.51209998,5783180.21238135,0
922,1230209.74877787,5782971.64605585,0
923,1230273.45692245,5783174.12091191,0
924,1230858.57442996,5783441.68463826,0
925,1230942.57611771,5783348.89965734,0
926,1230340.53804761,5783185.1336505,0
927,1230300.39623922,5783232.56713077,0
928,1230345.60308444,5783227.629805,0
929,1230741.70009658,5783460.5046544,0
930,1229619.9669837,5782781.42232897,0
931,1229890.60692972,5782731.65097341,0
932,1229592.28182634,5782813.7377935,0
933,1230538.8648524,5783464.14362295,0
934,1230632.6069956,5783522.28716885,0
935,1229586.33736553,5783050.94588592,0
936,1229873.12976966,5783096.87182446,0
937,1229713.26384894,5782766.88361424,0
938,1230520.47487252,5783372.60878866,0
939,1230699.98868338,5783294.44423883,0
940,1229892.12087479,5783137.81263485,0
941,1229746.61516838,5782899.52822921,0
942,1229787.34697006,5782873.86474764,0
943,1230526.87574325,5783582.5471768,0
944,1230259.00765255,5782859.1174964,0
945,1229900.72587143,5783106.44176203,0
946,1229866.97380182,5783081.32270169,0
947,1230394.79516742,5783139.70418821,0
948,1229874.75503423,5783205.66835683,0
949,1230306.68579046,5782883.38635549,0
950,1230723.18766526,5783710.25037265,0
951,1229966.76059337,5782899.97706028,0
952,1229558.8637152,5782571.24644825,0
953,1229887.75715075,5783108.22109829,8
954,1231067.8662046,5783398.96302934,2
955,1230944.46854906,5783292.37631814,0
956,1230489.72842917,5783094.93219013,0
957,1230259.89820848,5782837.57372999,0
958,1230218.22019112,5782952.42633321,0
959,1230737.40316423,5783563.66277801,0
960,1230286.1473444,5782831.77102805,0
961,1229903.29735167,5783091.72618391,0
962,1229877.08161159,5783118.28798046,0
963,1230364.27136304,5783389.55308161,0
964,1230451.71282306,5783269.80555622,0
965,1229922.84505425,5783139.70418821,0
966,1229875.0889927,5783120.74058247,0
967,1229865.4932526,5783114.13619169,0
968,1230190.71314495,5783126.09463104,0
969,1229649.51117656,5783226.07486856,0
970,1230458.91519412,5783079.88000096,0
971,1230662.80797345,5783538.87906951,0
972,1230649.90604447,5783514.04733793,0
973,1230158.41936067,5783294.29996528,0
974,1229667.33342703,5783238.17773156,0
975,1229699.95003784,5783221.45815166,0
976,1230542.50499975,5783456.7855339,0
977,1230742.32348573,5783199.7852628,0
978,1230262.54761236,5783133.82113797,0
979,1230408.88821495,5783289.76336478,0
980,1229827.05463242,5782506.02433307,0
981,1229726.22143766,5782476.89974408,0
982,1230673.59483211,5783557.28248938,0
983,1230337.16506703,5782859.95103603,0
984,1229728.24745239,5782476.17844287,0
985,1229587.52848408,5782759.95889853,0
986,1230635.49017041,5783521.30928968,0
987,1229924.42579102,5783116.05980014,0
988,1229659.41861124,5783209.37134172,0
989,1229763.55799487,5783176.33307664,0
990,1230740.99878378,5783535.27213195,0
991,1230606.35785967,5783597.03913661,0
992,1230008.80596504,5783348.27446812,0
993,1230246.52873763,5782938.59264705,0
994,1230338.32278974,5783062.55158055,0
995,1230680.46324469,5783424.25932676,0
996,1230630.33607799,5783603.67594912,0
997,1229925.73936101,5783135.7447507,0
998,1229613.15423086,5782784.70837032,0
999,1229886.27660152,5783127.00834624,0
1000,1230476.0138679,5783531.92168903,0
1001,1230174.07088107,5782932.4051652,0
1002,1230485.68753165,5782879.28276567,0
1003,1230536.86110157,5783254.19200881,0
1004,1230513.68438359,5783538.39814442,0
1005,1230646.90041822,5783577.51347065,0
1006,1229860.42821576,5783060.32341424,0
1007,1229602.18926102,5782801.05844789,0
1008,1230692.64159698,5783592.21382435,0
1009,1229725.31974979,5782895.34448355,0
1010,1229861.90876499,5783065.85375611,0
1011,1229889.40467922,5783126.3350824,0
1012,1230784.64715612,5783457.29851595,0
1013,1230698.64171754,5783646.2222034,0
1014,1230071.44544251,5782981.40821616,0
1015,1230347.59570332,5783187.13742538,0
1016,1230307.52068664,5783194.9601668,0
1017,1230535.43621209,5783577.49743974,0
1018,1230383.08435699,5783630.73624094,0
1019,1229719.1081222,5782625.93786191,0
1020,1229972.94995706,5782885.21373595,0
1021,1230134.71944108,5782989.1826865,0
1022,1230385.06584392,5783489.82484433,0
1023,1230421.79014393,5783552.74575428,0
1024,1230273.17862373,5783509.65490202,0
1025,1230097.65005064,5782963.58306454,0
1026,1230089.99126968,5782967.39815693,0
1027,1230409.08859004,5783058.91277687,0
1028,1230598.86605794,5783650.50248972,0
1029,1229615.97061398,5783230.56334563,0
1030,1229731.30873839,5783036.74335763,0
1031,1229906.81504758,5783148.58487637,0
1032,1230257.28220044,5783632.69202352,0
1033,1230370.42733088,5783508.08388532,0
1034,1230453.11544864,5783645.08400026,0
1035,1230375.44783992,5783081.29064168,0
1036,1229665.02911357,5783214.86971609,0
1037,1229876.22445151,5783102.49836941,0
1038,1230601.05905191,5783529.34072669,0
1039,1230155.92580407,5783173.43161431,0
1040,1230139.08316512,5783256.91716398,0
1041,1229824.13806177,5783088.96901948,0
1042,1230483.8841559,5783380.64009093,0
1043,1230419.32998319,5783475.92619655,0
1044,1230337.14280314,5783526.34296392,0
1045,1230444.5995076,5783150.36422109,0
1046,1230315.59134972,5783175.29111492,0
1047,1230254.23204639,5783204.25769633,0
1048,1230262.02441075,5783579.05243783,0
1049,1230409.71197919,5783492.91877927,0
1050,1230373.82257535,5783526.45517962,0
1051,1229594.6529315,5782774.41745462,0
1052,1229713.74252274,5782644.77217538,0
1053,1230231.12212011,5782991.28259615,0
1054,1230781.66379377,5783528.20253856,0
1055,1230646.86702237,5783555.77558771,0
1056,1230160.92404921,5782943.32142494,0
1057,1230039.79731128,5782931.97236223,0
1058,1230581.74512026,5782931.98839197,0
1059,1230604.44316443,5783328.15622327,0
1060,1230424.17238104,5783093.16888656,0
1061,1230493.31291677,5783127.20070735,0
1062,1230574.38690191,5783245.77609374,0
1063,1230388.66146348,5783592.45428835,0
1064,1229588.28545662,5782810.6280661,0
1065,1229520.03547682,5782920.54316546,0
1066,1230580.28683493,5783480.71938404,0
1067,1230598.54323142,5783514.44810774,0
1068,1230590.97350604,5783509.12588616,0
1069,1229923.94711721,5782945.11675822,0
1070,1230175.86312488,5782979.42051762,0
1071,1230397.63381443,5783524.21086589,0
1072,1230343.12065979,5783709.08009901,0
1073,1229615.32496094,5782817.16811263,0
1074,1229468.839643,5782832.1397079,0
1075,1229881.96853723,5782706.94973775,0
1076,1230362.23421636,5783493.27145586,0
1077,1230449.84265562,5784034.10148652,0
1078,1230446.01326513,5783566.67658429,0
1079,1229881.28948834,5783106.9547238,0
1080,1229556.79317268,5783135.937112,0
1081,1229674.52466614,5783240.3418214,0
1082,1230341.762562,5783522.190984,0
1083,1229788.28205378,5783039.83713442,0
1084,1229932.05117614,5783037.43264459,0
1085,1230252.52885818,5783104.02122408,0
1086,1230606.36899162,5783507.36250019,0
1087,1230444.42139641,5783908.44565706,0
1088,1230537.97429648,5783494.69819312,0
1089,1229889.15977634,5783115.01784551,0
1090,1229415.21704428,5782990.72155154,0
1091,1229475.63013194,5783054.24805715,0
1092,1230634.84451737,5783536.15382766,0
1093,1229895.90573748,5783147.33452623,0
1094,1229574.49297171,5782821.36785093,0
1095,1230709.77366662,5783602.42553478,0
1096,1229659.56332658,5783254.57673655,0
1097,1229676.7621879,5783259.22553136,0
1098,1229663.54856435,5783244.67000264,0
1099,1230490.45200586,5783575.14089676,9
1100,1230549.59605132,5783595.67650663,0
1101,1230416.44680838,5783361.88436644,0
1102,1229448.89119025,5782866.65141516,0
1103,1229456.49431147,5782868.70320691,0
1104,1229605.18375532,5782823.54786855,0
1105,1230579.3740151,5783590.9473807,0
1106,1230426.37650696,5783567.8949318,10
1107,1229929.41290421,5783122.08710935,0
1108,1229525.26749288,5782866.52317819,0
1109,1229460.4461534,5782863.07681035,0
1110,1230253.25243488,5782822.44183013,0
1111,1229739.702228,5782926.69857956,0
1112,1230424.45067977,5783320.62191224,0
1113,1230761.04742408,5783566.83689316,0
1114,1230618.83677459,5783583.79758833,0
1115,1230413.25193899,5783350.10194442,0
1116,1229643.27728507,5782536.70383301,0
1117,1229643.83388253,5782538.75554839,0
1118,1229657.62636744,5782523.0150566,0
1119,1230597.44116846,5783531.40870266,0
1120,1229347.32328685,5782704.62548485,0
1121,1229604.8831927,5782535.34136603,0
1122,1229639.77072111,5782571.24644825,0
1123,1230581.40002983,5783522.27113804,0
1124,1230475.36821486,5783565.92313262,0
1125,1230509.53216658,5783539.85695062,0
1126,1229788.17073429,5782856.90541083,0
1127,1229725.17503445,5782738.71993152,0
1128,1229800.52719777,5782529.84341315,0
1129,1229473.65977695,5782863.60578766,0
1130,1229399.96627405,5782741.76551611,0
1131,1229382.97891975,5783018.90206484,0
1132,1230462.26591079,5783620.74893167,0
1133,1229812.36045964,5782524.28134768,11
1134,1229938.11808839,5783132.21812768,0
1135,1230311.88441068,5783148.16809297,0
1136,1230561.907987,5783662.67005651,0
1137,1230607.45992263,5783608.13255548,0
1138,1230563.24382089,5783611.69142979,0
1139,1229952.99037236,5783155.87858899,0
1140,1229513.48989076,5782757.08963133,0
1141,1229399.96627405,5782817.13605356,0
1142,1230491.04199916,5783671.1665228,0
1143,1230498.91228716,5783589.84124653,0
1144,1229887.47885203,5783110.19279565,8
1145,1229497.14818951,5782751.22286442,0
1146,1229350.85211471,5783018.21277931,0
1147,1230479.05289,5783501.20668285,0
1148,1230481.46852295,5783551.9923038,0
1149,1230048.36891207,5782938.20793302,0
1150,1229610.61614647,5782799.15093728,0
1151,1229471.45565103,5782852.46521175,0
1152,1230445.47893158,5783649.33222396,0
1153,1230438.53259535,5783567.51019046,0
1154,1229730.24007128,5782473.72601919,0
1155,1229530.37705751,5782575.20563364,0
1156,1229460.89143136,5782601.79794078,0
1157,1230800.73282254,5783665.55564792,0
1158,1230759.25518028,5783587.8854734,0
1159,1229687.94979673,5782745.85301287,0
1160,1229706.4065683,5782537.32896499,0
1161,1229697.63459243,5782624.17465163,0
1162,1230426.05368043,5783568.888847,10
1163,1230426.56575009,5783581.21661089,0
1164,1229887.2005533,5783109.18290183,8
1165,1229387.13113676,5782535.58180136,0
1166,1229625.85578476,5782360.72291907,0
1167,1230301.08642007,5783416.83714836,0
1168,1230519.52865685,5783678.22019912,0
1169,1230513.35042511,5783582.29068215,0
1170,1229949.75097518,5783128.06633237,0
1171,1229642.59823618,5782577.86646367,0
1172,1229796.53082805,5782810.21129859,0
1173,1230388.77278297,5783562.86123396,0
1174,1230481.30154371,5783626.35977819,0
1175,1229819.4515112,5783040.62260125,0
1176,1229550.10287128,5782758.50022068,0
1177,1229640.08241569,5782555.97074148,0
1178,1230490.19597103,5783575.70197836,9
1179,1230382.9507736,5783533.74920319,0
1180,1230362.52364704,5783572.68816902,0
1181,1230127.16084765,5783659.54400021,0
1182,1230001.09152433,5783594.53830999,0
1183,1230075.59765952,5783134.41425185,0
1184,1230514.21871714,5783560.02376861,0
1185,1229812.67215421,5782524.02488364,11
1186,1229828.5908414,5782836.51577853,0
1187,1229482.09779435,5783035.47699334,0
1188,1229480.89554385,5782985.92862901,0
1189,1230249.89058625,5783141.33926009,0
